title,job_title,pros,cons,recommendation,salary,date,location,career_opportunity_rating,work_life_balance_rating,work_env_rating,management_rating,benefits_rating,diversity_rating,overall_rating,company
"‘Mostly positive, but can be quite challenging at times.’",Customer Service Representative,"Relatively high base wage for the position, reliable full-time work with fairly consistent shift times, and a mostly supportive culture. Good perks (high discount on your home gas/electricity bills for yourself and your family/friends).","A constantly changing workplace and a virtually schizophrenic commitment to changing and updating procedures and protocols. Just as you get used to one way of doing things, it's time to unlearn it all and start over.",Recommends working here: Yes,Rates salary as: Average,4 years ago,"Adelaide, South Australia, Australia",5.0,3.0,4.0,3.0,4.0,5.0,4.0,AGL Energy
‘Friendly and motivating place to work with great opertunities.’,Sustainability Analyst,The culture and the management style are great to work in. The environment allows for effective career progression and is very inclusive.,Can be a bit difficult working on contentious issues within the community. Can also get lost in the large number of employees.,Recommends working here: Yes,Rates salary as: Average,4 years ago,"Sydney, New South Wales, Australia",4.0,5.0,5.0,4.0,4.0,5.0,5.0,AGL Energy
"‘Great employer and working relationships, but be ready to work hard’",Manager,"Very progressive values align with mine; remarkable employee-friendly policies like working from home, casual dress, etc. Supportive, professional colleagues keep me going through stressful times. Amazing office environment.",Frequent restructuring and loss of people results in gaps in knowledge and processes and more work for those left behind. Extremely strict hot desk ('smarter working') policy is counterproductive- everyone is constantly looking for desks to work at throughout the day.,Recommends working here: Yes,Rates salary as: High,2 years ago,"Melbourne VIC, Australia",5.0,5.0,5.0,5.0,5.0,5.0,5.0,AGL Energy
"‘Great team, great work-life balance, lifelong friends, so happy I got to be apart of the amazing team at AGL’",Customer Service Representative,"Great team environment with a lot of support and on the job training. I have made some life long friends from working at AGL and was very sad to leave. The managers, even the centre manager knew most people's name and made the effort to get to know their staff and support them in everything.",You do have to meet targets but the rewards are worth it. If you don't achieve them they take the time to train you in the areas you are struggling with.,Recommends working here: Yes,Rates salary as: High,4 years ago,"Eastwood, South Australia, Australia",5.0,5.0,4.0,5.0,5.0,5.0,5.0,AGL Energy
‘9 good years. Last 6month not great.’,Sales Support Manager,The people are great. It is a fun environment and if you are managed by a great leader then you will be able to develop yourself & your Career.,"There can be Silos, different business units have their own agenda. I have experience different area working on the same project. Management from leaders within different areas did not align with company values. It was surprising that some managers survived & were able to hide their poor leadership & ppl management skills.",Recommends working here: Yes,Rates salary as: High,4 years ago,"Melbourne, Victoria, Australia",3.0,3.0,3.0,2.0,2.0,3.0,5.0,AGL Energy
"‘Good money, mixed Values, Bad People Skills’",Resolutions Consultant,AGL has a decent salary and benefits like cheaper electricity and gas. Some of the values they stand for like diversity aligned with mine and if you work hard the bonuses are great. Team culture when initially starting is great.,Flexibility with working arrangements if wanting to take a step back due to personal circumstances or study. High pressure to achieve results with unrealistic expectations. Customers are not at the centre of this organisations nor are customers friendly. I felt the environment very mixed and sometimes forced.,Recommends working here: No,Rates salary as: Average,2 years ago,"Adelaide SA, Australia",2.0,1.0,2.0,1.0,3.0,3.0,2.0,AGL Energy
‘Constantly changing work environment which becoming less personable.’,Manager,"The move towards flexible working is a plus, and the modern facilities in Melbourne (and Sydney in 2 years time) are real positives.","The recent change in CEO (who appears to have been brought in as an agent for sweeping change) is impacting on culture, with 20% OPEX reductions (read job cuts) promised to the board.  The old middle management team is responding, but is not really up to the job of such major change.",Recommends working here: No,Rates salary as: Average,4 years ago,"Melbourne, Victoria, Australia",2.0,4.0,4.0,2.0,2.0,2.0,2.0,AGL Energy
‘Superb orgnisation to work with.’,SAP CRM Functional Consultant,"Great work culture, amasing people and superb office infrastucture located above southern cross.","AGL believes in its people, process also need a bit more stringent to make daily business run smooth.",Recommends working here: Yes,Rates salary as: Average,4 years ago,,4.0,5.0,5.0,5.0,4.0,5.0,5.0,AGL Energy
‘Great company that truly supported diversity and flexibility with employees’,Customer Experience Manager,Supportive environment that helped me grow and diversify my career.  Supported flexible working conditions that allowed me to live and work in separate states.,"The industry is changing very quickly and requires the business to change quickly, this was constantly changing the shape of the workforce and the skills and structure required to support that workforce",Recommends working here: Yes,Rates salary as: High,4 years ago,,4.0,3.0,4.0,4.0,2.0,5.0,4.0,AGL Energy
"‘I worked as a contractor for 1 year and this is probably the best company I've worked for in terms of professionalism, work-life balance and management. I was working with the brightest people I've worked with and felt like I was part of a team instead of’",Developer,"Great work life balance, office space, people, management, culture of inclusion and diversity.","If I was a permanent employee, I would probably be wondering on how I can grow vertically and horizontally. Not a clear enough growth plan",Recommends working here: Yes,Rates salary as: High,6 months ago,"Melbourne VIC, Australia",4.0,5.0,5.0,5.0,5.0,5.0,5.0,AGL Energy
"‘Initially a great culture supported by management that had a clear focus. However, recent changes in management have resulted in a lack of direction and confusion.’",Product Manager,Initially a very good culture.  Recruitment places a heavy emphasis on the candidate's character.,"Multiple agendas and a dynamic market have resulted in frequent and sudden changes of direction.  This has led to confusion and frequently inadequate timeframes to deliver quality.  Prioritisation of projects has also been a challenge, with some low value projects securing heavy resource allocation.",Recommends working here: Yes,Rates salary as: Average,3 years ago,,3.0,2.0,3.0,2.0,3.0,3.0,3.0,AGL Energy
"‘Don't apply if you want development, understanding and to actually help people.’",Customer Resolutions,The pay was good for what you are doing. The people that you work with are usually pretty fantastic too. That is about it,"It is all about the money. There is little to no flexibility and it doesn't account for the individual - we are all just numbers. While they say it is a customer service based industry, it is nothing more than sales, sale, sales.",Recommends working here: No,Rates salary as: High,4 years ago,"Adelaide, South Australia, Australia",2.0,3.0,1.0,1.0,3.0,2.0,1.0,AGL Energy
"‘Fast paced, hard work, rewarding environment’",Customer Resolution Specialist,A company that really cares about its employees. Staff engagement is one of the most important things to AGL and they always endevour for you to both be rewarded and feel appreciated for your work,The job it self can be quite emotionally draining. It is a fast paced environment which requires a thick skin at times due to the type of enquiries you can receive. There is also a high focus on KPIs,Recommends working here: Yes,Rates salary as: Average,2 years ago,"Canberra ACT, Australia",3.0,3.0,5.0,4.0,5.0,5.0,4.0,AGL Energy
‘Some positives and negatives. Hoping we can focus on what matters and double down for the long-haul; rather than whatever cause is trending and will get our CEO's good corporate 'feels'. ’,Project Manager,Work life balance is sound. AGL have worked hard to offer a number of employee benefits to retain personnel. ,"Senior and middle management oscillating between business models every two years to present the illusion of needed and meaningful change.

Management are not well versed in articulating a coherent and substantive vision for many in AGL's employ to get in behind and buy into. 

Senior Management seems to focus on out-performing all feel-good  -quasi-corporate / social issues; rather than well laid out business structures and flows, formed under a vision that will take AGL to the agile space it will need to occupy in the mid 2020's when peaking demand will be at its highest. ",Recommends working here: No,Rates salary as: Average,9 months ago,"Melbourne VIC, Australia",3.0,4.0,3.0,1.0,2.0,2.0,2.0,AGL Energy
‘Customer Service’,Resolutions Agent,"Salary is decent, it's fairly consistent work in terms of hours, the staff are great to work with and they're always looking at different ways to make things fresh and new. They constantly run competitions, have bi-annual awards nights, the parties are awesome.",The customers can be really difficult and there's a strong expectation to meet sales every month.,Recommends working here: Yes,Rates salary as: Average,4 years ago,"Melbourne, Victoria, Australia",4.0,3.0,3.0,3.0,4.0,4.0,4.0,AGL Energy
"‘The culture encourages an open mind, intuition and to be supportive to colleagues.’",Health Safety And Environmental Advisor,"Flexible working, friendly colleagues, and supportive managers that encourage autonomy and innovation. Great building in Sydney, centrally located. Opportunity for career development but need to push your own development.","Some times long hours, fast paced so mental exhaustion occurs at the end of the day.",Recommends working here: Yes,Rates salary as: Average,2 years ago,"Sydney, New South Wales, Australia",4.0,3.0,5.0,5.0,5.0,5.0,5.0,AGL Energy
"‘Between politics, overly complex procedures and lack of management support, I was sapped of Energy. Every pun intended.’","Manager, Group Financial Services","> Mature HR policies
> Great physical work environment","> Overly complicated processes given the simplicity of its structure
> HR policies are not applied equally
> Empathy is a learned characteristic amongst top finance managers
> Career development is based on being liked rather than good/ great performance
> Very political internal environment
> At that time, high levels of organisational inertia",Recommends working here: No,Rates salary as: Average,4 years ago,"Sydney, New South Wales, Australia",2.0,3.0,4.0,1.0,3.0,3.0,3.0,AGL Energy
‘Best workplace I've ever experienced’,Product Management,"Work/Life balance is really emphasised and encouraged, great place for those with families and in fact most of the people I work with have families and have one day a week to work from home. There's a big focus on output as a measure instead of face-time in the office.","It's a slower pace than I'm used to and I constantly feel like I should be doing more, which is very much a personal thing and not on AGL",Recommends working here: Yes,Rates salary as: High,3 years ago,Melbourne,4.0,5.0,5.0,4.0,3.0,4.0,5.0,AGL Energy
‘Great work life balance’,Mechanical Engineer,"Flexibility and work life balance are second to none. I’m still amazed by how amazing AGL when it comes to flexible work options. 
Executive leadership team are wonderful.",Limited opportunities for career progression. Middle management struggle with leadership.,Recommends working here: Yes,Rates salary as: Average,2 years ago,Australia,2.0,5.0,4.0,3.0,3.0,5.0,4.0,AGL Energy
‘Great people and great place to work.’,GM Commercial Development & Head Of Upstream Gas Finance,"The only genuine values-driven organisation I've ever worked for. Senior management comes and goes, but the culture remains strong and most employees are engaged.",Organisation faces significant challenges on many fronts as gas and electricity markets deal with disruptive technologies and new entrants over every next decade.,Recommends working here: Yes,Rates salary as: Average,4 years ago,"North Sydney, New South Wales, Australia",4.0,5.0,5.0,4.0,3.0,5.0,5.0,AGL Energy
‘Great place to work if you like the environment where you are encouraged to 'Play the Game' and enjoy lots of Corporate Speak & Meetings’,Senior Credit Analyst,Supportive company who actively harnesses and develops talent and has a good work/life balance.,"Very Leftist \""Participation Award\"" environment and are very quick to adopt the latest flavor of the month in the Corporate world, lots of Window Dressing that looks good in a Brochure but is actively forced upon staff and anyone who does not agree or is not supportive of the latest Community, Environment or Social agenda initiative is somewhat frowned upon.",Recommends working here: Yes,Rates salary as: High,2 years ago,"Melbourne City, Victoria, Australia",5.0,4.0,4.0,3.0,3.0,5.0,4.0,AGL Energy
‘It was good’,Customer Service Role,Environment Was good,Everyday is a new day,Recommends working here: Yes,Rates salary as: Average,6 months ago,"Adelaide SA, Australia",2.0,3.0,4.0,4.0,3.0,5.0,4.0,AGL Energy
‘A great place to work if you want drive change and make an impact.’,Digital Consultant,"Great people, great environment. Good opportunity to work on a range of different projects.","Not exactly fast. Some processes were a little dated, however they were in the process of moving to agile.",Recommends working here: Yes,Rates salary as: Average,4 years ago,"Melbourne, Victoria, Australia",4.0,4.0,5.0,4.0,3.0,4.0,4.0,AGL Energy
"‘A highly political company, with careful strategic use of the branding & marketing teams to appear authentic. ’",Project Manager,"D&I, specifically family & domestic issues, valuable education & training, on site. Considerable funding was provided. ","Ongoing strong focus on casual employment, including people employed full time for up to 8 years. Also, a culture had developed that thrived on excessive & ongoing kaos, driven by Corporate senior management KPI’s. ",Recommends working here: No,Rates salary as: High,6 months ago,"Loy Yang VIC, Australia",4.0,2.0,2.0,1.0,1.0,3.0,2.0,AGL Energy
‘Everything you do and say is monitored to the extreme - perform perfectly and get perfect sales every month and you will do well - otherwise you will be replaced by someone in the Philippines’,Customer Resolutions,If you can jump through the hoops they set up you will be well rewarded with treats ... just ensure you keep performing,Treated like a number in a call centre that might as well have a revolving door on the front of the building.,Recommends working here: No,Rates salary as: Average,4 years ago,"Adelaide, South Australia, Australia",1.0,3.0,3.0,3.0,4.0,3.0,1.0,AGL Energy
‘If the jobs right it would be a great place to work.’,People Manager,"Great place to work with great people, workplaces and technology.",Leadership can be poor based on the area. Board and CEO have great vision however direct reports are of varying capabilities but those who have been there a while are very poor.,Recommends working here: Yes,Rates salary as: Average,2 years ago,"Melbourne, Victoria, Australia",4.0,2.0,5.0,2.0,3.0,5.0,4.0,AGL Energy
"‘The working enviroment was warm, friendly and approachable. I'd be happy to go back there to work if the right role came up withing Marketing.’",Markeing And Communications Manager,Very friendly environment to work within,Some marketing/business activity was not managed end to end so by the time we'd reach a solution for implementation we'd realised the business had not addressed the whole customer experience and lots of gaps were found.,Recommends working here: Yes,Rates salary as: Average,4 years ago,,3.0,2.0,3.0,4.0,3.0,4.0,4.0,AGL Energy
‘Under Construction - Check back in FY20’,Information Technology,Pay is high. Focus on women in IT. Full of talented people. Discounted Energy Bills.,Always looking to implement the next shiny new technology with no thought or effort on how to integrate with last month's projects. Strategy on the fly. So much going on that projects can't gain access to a clear schedule of change - collisions everywhere. Latest restructure has angered the talent pool and good people are now leaving to go elsewhere. Technical debt is reaching critical levels.,Recommends working here: No,Rates salary as: High,1 year ago,"Melbourne VIC, Australia",1.0,4.0,2.0,1.0,3.0,4.0,1.0,AGL Energy
‘Making the move to apply at AGL was a great decision I do noy regret 3 years on’,Customer Service,"Great culture, supportive environment, salary of a high standard",The industry itself can be challenging to work in at times,Recommends working here: Yes,Rates salary as: High,4 years ago,"Adelaide, South Australia, Australia",4.0,4.0,5.0,4.0,5.0,5.0,5.0,AGL Energy
‘Developing and fulfilling’,Business Analyst,"Good building
Great team members",Tough opportunities to progress,Recommends working here: Yes,Rates salary as: Average,4 years ago,"Melbourne, Victoria, Australia",3.0,4.0,4.0,4.0,3.0,3.0,4.0,AGL Energy
"‘Awful, couldn't wait to leave’",Call Centre Agent,"Good training, reasonable office environment","Pressured into achieving kpi's where the number of calls taken (in call centre), was more important than good service and accuracy",Recommends working here: No,Rates salary as: Average,2 years ago,"Melbourne, Victoria, Australia",3.0,3.0,3.0,1.0,2.0,3.0,1.0,AGL Energy
‘Ok for someone who is mentally strong and just wants to do a job and pay the bills. ’,Customer Service Representative,Newly renovated office,Unrealistic sales targets and KPIs. Bad leadership skills. ,Recommends working here: No,Rates salary as: Average,1 year ago,"Adelaide SA, Australia",2.0,3.0,3.0,2.0,3.0,2.0,2.0,AGL Energy
‘Delivering quality outcomes comes with the territory.’,Lead Digital Developer,Great office environment and location. Great teams.,"With a focus on an Agile delivery utilising SAFe - the new framework is not the easiest to get \""buy-in\"" across all tiers of the business.",Recommends working here: Yes,Rates salary as: Average,2 years ago,"Melbourne, Victoria, Australia",5.0,4.0,5.0,4.0,5.0,5.0,5.0,AGL Energy
‘Has potential’,Technical Lead,Work life balance and friendly people,Outsourcing and not technologically advanced,Recommends working here: Yes,Rates salary as: Average,4 years ago,,3.0,5.0,4.0,4.0,4.0,4.0,4.0,AGL Energy
‘Excellent place to work ’,Customer Service Representative,The support and understanding of management ,Seperating personal life from work at the time,Recommends working here: Yes,Rates salary as: Average,1 year ago,"Adelaide SA, Australia",5.0,5.0,5.0,5.0,5.0,5.0,5.0,AGL Energy
‘Great company’,HR,Great people good culture,Long hours a lot of travel some good leaders some bad depends on who you get,Recommends working here: Yes,Rates salary as: Average,4 years ago,"Sydney, New South Wales, Australia",3.0,4.0,4.0,4.0,5.0,5.0,3.0,AGL Energy
‘Good place and genuine people work balance cup’,Project Manager,Positive culture and people,Beaucracy and not as nimble  as similar placed organizations,Recommends working here: Yes,Rates salary as: High,4 years ago,,3.0,4.0,5.0,4.0,2.0,3.0,4.0,AGL Energy
‘Enjoyable’,Data Entry Role,Great people and environment,Was only a contractor there so hard to say,Recommends working here: Yes,Rates salary as: Average,1 year ago,"Melbourne VIC, Australia",5.0,4.0,5.0,5.0,3.0,5.0,4.0,AGL Energy
‘Great team with a lot of potential.’,Senior Engineer,Good company and CEO with a vision.,Old team members wanted to do their own way.,Recommends working here: Yes,Rates salary as: Average,6 months ago,"Sydney NSW, Australia",5.0,5.0,5.0,5.0,5.0,5.0,5.0,AGL Energy
‘Could have been better ’,Information Technology Manager,"Location was great , very convenient ",The management was caught up in the politics which reflected on the culture ,Recommends working here: No,Rates salary as: Average,6 months ago,"Sydney NSW, Australia",1.0,1.0,1.0,1.0,1.0,1.0,1.0,AGL Energy
‘Good enviorment well paid’,Resolution Consultant,Brand new building,KPI's reduce almost un achievable,Recommends working here: Yes,Rates salary as: High,4 years ago,"Melbou, Victoria, Australia",4.0,3.0,5.0,3.0,3.0,4.0,4.0,AGL Energy
‘Micro management at micro level.’,Customer Resolutions,Great Xmas parties and award nights.,Doing the right thing by the customer and the business at the same time.,Recommends working here: No,Rates salary as: Average,1 year ago,"Melbourne VIC, Australia",2.0,2.0,2.0,1.0,2.0,5.0,2.0,AGL Energy
‘Would have been better if I was related or a friend of management’,Power Factor Correction Specialist Really A TA,Working to suit family life,Low pay don't listen to new ideas poor communication poor safety,Recommends working here: No,Rates salary as: Low,4 years ago,"Sydney, New South Wales, Australia",1.0,4.0,1.0,2.0,2.0,1.0,1.0,AGL Energy
‘Standard call center experience. Draining and pointless.’,Customer Resolutions,"Good Salary, Job security, Good perks, Great Amenities","Angry customers = negative atmosphere, Self motivation, no social aspect.",Recommends working here: No,Rates salary as: High,1 year ago,"Docklands VIC, Australia",1.0,1.0,2.0,5.0,5.0,5.0,3.0,AGL Energy
‘Poor support from management.’,Customer Service Representative,"Lovey colleagues, great location","Very sales focussed,",Recommends working here: No,Rates salary as: Average,2 years ago,"Melbourne, Victoria, Australia",3.0,3.0,3.0,2.0,3.0,3.0,2.0,AGL Energy
‘I enjoy working at AGL as they always have plenty of opportunities and projects to be a part of.’,Project Manager,Great smarter working office,Hiring the wrong people in some IT roles,Recommends working here: Yes,Rates salary as: Average,2 years ago,"Melbourne, Victoria, Australia",2.0,4.0,4.0,3.0,3.0,4.0,4.0,AGL Energy
‘Superb place to work’,Test Lead,Fatastic work environment.,Huge amount of work within a limited period of time,Recommends working here: Yes,Rates salary as: Average,2 years ago,"Melbourne, Victoria, Australia",4.0,4.0,4.0,4.0,3.0,4.0,5.0,AGL Energy
‘Great company with good people & would work there again.’,System Administrator,Committed to diversity & work/life balance.,Moving to being an energy tech company and is challenging how it does business.,Recommends working here: Yes,Rates salary as: Average,4 years ago,"Melbourne, Victoria, Australia",4.0,5.0,4.0,4.0,4.0,5.0,4.0,AGL Energy
‘Overall have enjoyed majority of time employed.’,Customer Service Team Leader,Good benefits and working environment.,Minimal career opportunities in Adelaide unfortunately.,Recommends working here: Yes,Rates salary as: High,4 years ago,"Adelaide, South Australia, Australia",3.0,3.0,4.0,3.0,4.0,4.0,4.0,AGL Energy
‘Anguish.’,Call Centre Respresentative,The training was thorough.,They treat call centre staff like filth. They make it impossible to have a genuine sick day. They REFUSE to let you take a proper holiday. You are made to come in. It is impossible to travel.,Recommends working here: No,Rates salary as: Average,2 years ago,"Melbourne, Victoria, Australia",1.0,3.0,1.0,1.0,3.0,4.0,1.0,AGL Energy
‘Love the digital team and its people’,Technical Business Analyst,Culture and work life balance,Too many things at a time.,Recommends working here: Yes,Rates salary as: Average,2 years ago,"Melbourne, Victoria, Australia",4.0,5.0,4.0,4.0,4.0,4.0,4.0,AGL Energy
‘I did useful work which was appreciated.’,Training Mentor,Good people.  Inclusive attitudes.  Great address.,Top down management structure.,Recommends working here: Yes,Rates salary as: Average,4 years ago,Melbourne,3.0,2.0,4.0,2.0,3.0,4.0,3.0,AGL Energy
‘Terrible’,Resolution Specialist,The pay was okay. Location was okay,Customers treat you like garbage and the performance expections were unrealistic,Recommends working here: No,Rates salary as: Average,2 years ago,"Melbourne, Victoria, Australia",1.0,1.0,1.0,1.0,2.0,2.0,1.0,AGL Energy
‘Great money but not worth the stress’,Resolution Specialist,"Great salary, options for commissions and bonuses, engaging workplace.","Inability to be flexible with hours, great intolerance to staff needing sick leave, incredibly high stress environment, lack of support from management, lack of training past the initial stages of induction, inability to manage stressed staff properly, not very flexible with annual leave.",Recommends working here: No,Rates salary as: High,9 months ago,"Docklands VIC, Australia",5.0,4.0,3.0,1.0,3.0,5.0,3.0,AGL Energy
‘Poor management who can't honor agreements’,Customer Service Representative,"Benefits such as cheaper electricity, zoo passes etc.","No longer customer focused, they only care about sales now. No longer willing to help out staff with outside family and study commitments.",Recommends working here: No,Rates salary as: Average,4 years ago,"Adelaide, South Australia, Australia",2.0,1.0,2.0,1.0,4.0,4.0,1.0,AGL Energy
‘Enjoyed delivering real value to both AGL and Customers.’,Business Customers,Great people and culture. Like a family.,"Restructured regularly, so frequent challenges.",Recommends working here: Yes,Rates salary as: High,2 years ago,"Queensland, Australia",2.0,4.0,3.0,2.0,3.0,4.0,4.0,AGL Energy
‘Lots of shortcuts taken and lots of legacy ’,Technical Business Analyst,"Sparkling water taps
new offices and facilities
","Old school management - do as i say not as i do
not safe to speak up
high turnover 
consistent restructuring
lack of strategy
massive amount of politics for such a small organisation ",Recommends working here: No,Rates salary as: Average,6 months ago,"Melbourne VIC, Australia",1.0,3.0,2.0,1.0,3.0,3.0,2.0,AGL Energy
‘A great experience with fond memories’,Product Owner,"State of the art office, highly flexible working hours, great attitude  across staff to share information and help","Lack of strategic orientation, limited career progression,  ",Recommends working here: Yes,Rates salary as: Average,6 months ago,"Melbourne VIC, Australia",3.0,5.0,4.0,4.0,4.0,5.0,4.0,AGL Energy
‘Thankful for the opportunity ’,Sales Lead,Lots of opportunities and great people to work with.,Restructures are constant,Recommends working here: Yes,Rates salary as: High,6 months ago,"Melbourne City, VIC, Australia",5.0,4.0,4.0,3.0,4.0,5.0,4.0,AGL Energy
‘It's a good time to be part of AGL’,Consultant,"Great future, office environment","Fast growth, too many changes",Recommends working here: Yes,Rates salary as: Average,4 years ago,"Melbourne, Victoria, Australia",4.0,4.0,5.0,3.0,4.0,3.0,4.0,AGL Energy
‘The management will drain the life out of you with unrealistic expectations. ’,Customer Service Specialist,"Work colleagues, onsite parking ","Qualities such as empathy, caring and resilience is not what this company supports. Their main focus is the AHT and keeping it low whilst  dealing with disgruntled customers, as well as fixing things as they’re calling in for the 10th time on the same day. You must also meet unrealistic sales targets and you will be treated like a robot. 
Working for this company should not be a long term goal for anyone.",Recommends working here: No,Rates salary as: Average,6 months ago,"Melbourne VIC, Australia",1.0,2.0,4.0,1.0,2.0,2.0,2.0,AGL Energy
‘Workplace And Support Services’,Support Services Assistant,"Work Life Balance. Support network and 
Benefits ",Staff expectations re service delivery ,Recommends working here: Yes,Rates salary as: Average,6 months ago,"Melbourne VIC, Australia",4.0,5.0,5.0,4.0,5.0,5.0,5.0,AGL Energy
‘Poor Team Leadership’,Customer Service Officer,Pay was OK. Flexibility to swap shifts excellent.,Meeting KPI's.,Recommends working here: No,Rates salary as: Average,4 years ago,"Adelaide, South Australia, Australia",3.0,3.0,1.0,1.0,3.0,3.0,1.0,AGL Energy
"‘Good pay, outdated premises , nice staff .’",Administration Coordinator,"Onsite cafeteria canteen.
Onsite security parking 
Easy work 
Close to home","Temp role, no opportunity for permanent position or advancement",Recommends working here: Yes,Rates salary as: High,4 years ago,Torrens Island Port Adelaide 5015,1.0,4.0,3.0,3.0,3.0,3.0,3.0,AGL Energy
‘Good sense of camaraderie and purpose.’,Prefer Not To Disclose,"Great opportunity for career advancement, Focus on ensuring employees are not burnt out and delivering whilst being able to enjoy their personal lives. Pay is above average.",Politics can be cumbersome at times.,Recommends working here: Yes,Rates salary as: High,4 years ago,"Melbourne, Victoria, Australia",4.0,4.0,3.0,3.0,4.0,4.0,4.0,AGL Energy
‘It was a good experience and learnt soo much over my apprenticeship.’,Apprentice Electrician,Roster until 15th of July 2019,"Fault finding, working to a deadline",Recommends working here: No,Rates salary as: Average,9 months ago,"Singleton NSW, Australia",4.0,3.0,3.0,2.0,3.0,2.0,3.0,AGL Energy
‘The dream job I never knew I wanted.’,Consultant,Very much a team environment.,Dealing with external third party businesses.,Recommends working here: Yes,Rates salary as: Average,4 years ago,"Melbourne, Victoria, Australia",4.0,4.0,4.0,4.0,4.0,5.0,4.0,AGL Energy
‘Great learning and I achieved a lot with a great team’,Sales Manager,My boss. His boss. The work we did and what I achieved,The changing industry,Recommends working here: Yes,Rates salary as: Average,2 years ago,"Melbourne, Victoria, Australia",3.0,4.0,4.0,4.0,4.0,5.0,4.0,AGL Energy
"‘Initially amazing, somewhat lacking now.’",Resolutions Specialist,"Staff benefits and perks, the people you work with.",Business structure and strict kpi targets,Recommends working here: No,Rates salary as: High,4 years ago,"Adelaide, South Australia, Australia",4.0,4.0,4.0,3.0,5.0,5.0,3.0,AGL Energy
‘The company is not prepared to stand by its employees under its new CEO’,HSE,The people and how they support each other,Restructure and how they will throw away experienced people because they cost too much,Recommends working here: No,Rates salary as: High,4 years ago,"Brisbane, Queensland, Australia",2.0,3.0,2.0,1.0,4.0,4.0,3.0,AGL Energy
‘Great opportunity as a result of change and strong values’,Technical Specialist,"Opportunities, R&R, great team inclusion",Constant change and redundancy created uncertainty,Recommends working here: Yes,Rates salary as: Average,4 years ago,"Melbourne, Victoria, Australia",4.0,3.0,5.0,3.0,3.0,4.0,4.0,AGL Energy
‘Too many levels of management and not enough workers.’,Operator,Work/life & wage balance,"Management and the constant changing of systems, which mostly aren't for the better",Recommends working here: Yes,Rates salary as: High,1 year ago,"Wollongong NSW, Australia",3.0,3.0,3.0,2.0,3.0,5.0,3.0,AGL Energy
‘Gave me the skills to handle complex situations’,Customer Advocate,Great incentives and people,Was made redundant,Recommends working here: Yes,Rates salary as: High,4 years ago,"Adelaide, South Australia, Australia",3.0,3.0,4.0,3.0,4.0,4.0,3.0,AGL Energy
‘Awesome’,Lead Developer,Amazing workplace with supportive management,"Large company, so finding the right person to talk to can take some time",Recommends working here: Yes,Rates salary as: High,1 year ago,"Melbourne VIC, Australia",5.0,5.0,5.0,5.0,5.0,5.0,5.0,AGL Energy
"‘Champagne aspirations, beer mentality’",Outsider,Location and work / life balance and most of my peers,"Personal agendas, management cliques, acceptance of outdated approaches and ideas, absence of authenticity, openess and honesty. Now the biggy - no commitment to outcomes and too much r's covering",Recommends working here: No,Rates salary as: High,6 months ago,"Docklands VIC, Australia",2.0,4.0,4.0,1.0,4.0,4.0,1.0,AGL Energy
"‘It is such a respectful working environment, people collaborate share knowledge and provide support to each other.’",Reconciliation Data Analyst,"Relaxed friendly collaborative environment, quick to get laptop and access to systems.",Just locating who does what in the organisation.,Recommends working here: Yes,Rates salary as: Average,4 years ago,"Melbourne, Victoria, Australia",4.0,5.0,5.0,4.0,4.0,4.0,5.0,AGL Energy
‘Good pay but ultimately much happier elsewhere’,Billing Specialist,Salary & work/life balance,Communication from the top and leadership culture is extremely poor.,Recommends working here: No,Rates salary as: Average,4 years ago,"Melbourne, Victoria, Australia",1.0,4.0,1.0,1.0,3.0,3.0,2.0,AGL Energy
‘Overall a good a good company to work with.’,Customer Service Representative,"New building,gatherings,Awards nights",Getting incentive as they cancel the whole incentive if you have one unplanned leave which is not good.,Recommends working here: Yes,Rates salary as: High,2 years ago,"Melbourne, Victoria, Australia",3.0,3.0,3.0,2.0,3.0,5.0,5.0,AGL Energy
"‘Worked on turbine rebuilds, superintended contractors during outages’",Superintendant,"
i had a diverse workload working on many different pieces of equipment",Not getting involved in the employee politics,Recommends working here: Yes,Rates salary as: Average,6 months ago,"Liddell NSW, Australia",4.0,3.0,4.0,3.0,3.0,4.0,3.0,AGL Energy
‘Would recommend ’,BDM,Team culture. Benefits outside of salary,Upper Management. Lack of opportunities outside of Sydney and Melbourne if you want to progress.,Recommends working here: Yes,Rates salary as: Average,6 months ago,"Brisbane QLD, Australia",3.0,4.0,4.0,4.0,4.0,3.0,4.0,AGL Energy
‘Wasted 10 years only to be told they didn't want mine or anyone else who had been there more than 5 years experience’,Process And Exception Specialist,"Technology and beautiful new building, and the Xmas party was always good","Mass redundancy , mass offshoring of all roles, there is now a knowledge deficit due to the redundancy",Recommends working here: No,Rates salary as: Low,4 years ago,"Melbourne, Victoria, Australia",1.0,2.0,3.0,1.0,3.0,2.0,1.0,AGL Energy
"‘Great Culture, Great People and Diverse Employees’",Employee Services Rep,Good Culture  and Workplace,Workloads at times and challenges arising form that,Recommends working here: Yes,Rates salary as: Average,2 years ago,"Docklands, Victoria, Australia",4.0,4.0,4.0,4.0,5.0,5.0,4.0,AGL Energy
‘Amazing work place’,Resolution Specialist,"Flexible hours, awesome environment, fantastic people and an amazing new building!",Annual leave books are super fast so you have to be in quick!,Recommends working here: Yes,Rates salary as: High,4 years ago,,5.0,4.0,5.0,5.0,5.0,5.0,5.0,AGL Energy
‘Temping at AGL’,Receptionist,Friendly colleagues and the opportunities to interact with a number of different people.,"As a temp you have lots to learn in a short amount of time, but this was a positive challenge!",Recommends working here: Yes,Rates salary as: Average,4 years ago,"Sydney, New South Wales, Australia",3.0,5.0,4.0,4.0,3.0,5.0,4.0,AGL Energy
"‘Wonderful company to work for, they hire amazing people and often promote from within.’",Senior Sales Manager,Fringe benefits from working for a corporate,Understanding the landscape of such a large organisation,Recommends working here: Yes,Rates salary as: High,3 years ago,Adelaide,5.0,5.0,5.0,5.0,5.0,5.0,5.0,AGL Energy
‘Exciting place with great support/culture and opportunities to grow’,Manager Customer Experience And Collections,Great culture.  Innovative.  Good direction. Opportunities.,The industry itself is complex and regulatory impeded.,Recommends working here: Yes,Rates salary as: High,4 years ago,,4.0,4.0,5.0,4.0,4.0,5.0,4.0,AGL Energy
‘Great’,Sales Representative,Everything about working with AGL is good ,No challenges just work hard ,Recommends working here: Yes,Rates salary as: Average,6 months ago,"Docklands VIC, Australia",5.0,5.0,5.0,5.0,5.0,5.0,5.0,AGL Energy
‘They paid well. ’,Project Manager,Close to public transport ,The management team are focused on profit not people. ,Recommends working here: No,Rates salary as: High,6 months ago,"Melbourne VIC, Australia",1.0,3.0,3.0,1.0,2.0,3.0,2.0,AGL Energy
‘Recruitment was un-transparent and failed to set me up for success’,Lead Health & Safety Business Partner,The diversity of environment,Strategies and systems over complicated,Recommends working here: No,Rates salary as: High,6 months ago,"Adelaide SA, Australia",2.0,4.0,3.0,2.0,2.0,3.0,3.0,AGL Energy
‘Treats you as just a number’,Resolutions Agent,Highly paid for what it was,Treated as nothing more than a number. Had to book leave at least 6-9 months in advance and then still couldn't get leave half the time.,Recommends working here: No,Rates salary as: High,2 years ago,"Melbourne, Victoria, Australia",1.0,1.0,2.0,1.0,3.0,1.0,1.0,AGL Energy
‘A company that appears to be losing its way’,Project Manager,"There are pockets of potential for exciting and fulfilling work
Work life balance is a genuine focus
There are good people there","Current management has no genuine long term strategic vision
Culture at the middle and top is not conducive to long term value
Management of challenges is tactical rather than strategic",Recommends working here: No,Rates salary as: Average,9 months ago,Australia,3.0,2.0,1.0,1.0,4.0,4.0,2.0,AGL Energy
‘Impossible KPI's’,Resolutions Consultant,Based above southern cross station,"No available leave, demanding managers.",Recommends working here: No,Rates salary as: Average,2 years ago,"Melbourne, Victoria, Australia",1.0,1.0,1.0,1.0,3.0,1.0,1.0,AGL Energy
‘Good money but you need to be very resiliant’,Resolutions,Excellent pay but you need to be resilient,"Difficult customer's, bad shifts minimal support",Recommends working here: No,Rates salary as: High,2 years ago,"Eastwood SA, Australia",3.0,1.0,2.0,1.0,3.0,3.0,1.0,AGL Energy
"‘Promised a lot, delivered little!’",Key Accounts Manager,"Process and procedures, structure. Extensive training.","Poor local support, admin support offshore,poor customer care, poor company perception.",Recommends working here: No,Rates salary as: Low,4 years ago,"Adelaide, South Australia, Australia",4.0,4.0,2.0,2.0,3.0,4.0,2.0,AGL Energy
‘A company with leadership as old as the coal they burn.’,Safety,The breadth of the work.,Poor leadership and no desire to listen to new ideas.,Recommends working here: No,Rates salary as: Average,1 year ago,"Sydney NSW, Australia",1.0,1.0,1.0,1.0,3.0,3.0,1.0,AGL Energy
‘Good company but poor managers’,Process And Exception Specialist,The company name and good mix of people working there.,"Poor people managers
Favoritism by leaders",Recommends working here: No,Rates salary as: Average,4 years ago,,3.0,4.0,2.0,2.0,3.0,3.0,3.0,AGL Energy
‘Management were egoistical’,Operations Manager Metering And Tarif,Safety conscious.,Expectations did not meet job description,Recommends working here: No,Rates salary as: High,4 years ago,"Melbourne, Victoria, Australia",3.0,2.0,4.0,1.0,4.0,4.0,2.0,AGL Energy
‘Great place to work and shine.’,Senior Business Analyst,Embracing change and innovation - want to change.,Process and hierarchy orientated - which can stifle change and innovation.,Recommends working here: Yes,Rates salary as: High,4 years ago,"Melbourne, Victoria, Australia",4.0,4.0,4.0,3.0,4.0,5.0,4.0,AGL Energy
"‘Amazing team of people, would highly recommend it! ’",Personal Assistant,Being able to work with an incredible team of engineers and management was fantastic. People really wanted to help others out and everyone was very inclusive. ,No challenges that I experienced. Leaving to go overseas was an extremely hard decision as I could have stayed with this company forever!  ,Recommends working here: Yes,Rates salary as: High,9 months ago,"Sydney NSW, Australia",4.0,5.0,5.0,4.0,4.0,5.0,5.0,AGL Energy
‘Good people but poor level of true happiness’,Customer Resolutions Consultant,The people who work here are all really welcoming and want everyone to feel part of the team. Great team environment.,They say they are great flexibility in work arrangements but they really don't. If you get sick you shouldn't work here or you'll probably end up being made to feel even worse.,Recommends working here: No,Rates salary as: Average,4 years ago,"Melbourne, Victoria, Australia",3.0,2.0,3.0,3.0,3.0,3.0,3.0,AGL Energy
"‘Out of 20 different work places, this is the one I would never return too.’",Sr Project Manager,"Nice new offices, good drinks.","Too many people walking around doing nothing, while you are working your fingers off.",Recommends working here: No,Rates salary as: Low,2 years ago,"Melbourne VIC, Australia",1.0,3.0,4.0,1.0,1.0,3.0,1.0,AGL Energy
‘Wouldn’t recommend ’,Customer Resolutions Representative,Decent starting wages and good colleagues,"They didn’t express how much importance there would be on making sales etc during interview.
Were very uncaring about any personal leave that was taken and would pressure you to come in even when unwell. 
Overall a very negative environment with very high turnover! ",Recommends working here: No,Rates salary as: Average,1 year ago,"Melbourne VIC, Australia",2.0,1.0,1.0,2.0,3.0,2.0,2.0,AGL Energy
‘Brillitant work life balance’,Resolutions Consultant,Excellent team culture and a good work life balance,Process maps and adherence to the knowledge management system.,Recommends working here: Yes,Rates salary as: High,2 years ago,"Adelaide SA, Australia",4.0,4.0,4.0,4.0,5.0,4.0,5.0,AGL Energy
"‘Decent pay, nice working environment and acceptable culture’",Executive Assistant,Good culture and a nice working environment,Understanding what my role is going to be and knowing where I need to advance myself,Recommends working here: Yes,Rates salary as: Average,2 years ago,"Sydney NSW, Australia",3.0,3.0,4.0,4.0,3.0,4.0,4.0,AGL Energy
‘For a large organisation AGL unfortunately operates years behind other large organisations. If there was clearer direction and buy in from the organisation it would be a great place to work. ’,Marketing Role,The people are very welcoming when you start.,"Management challenges, there have been countless restructures with no clear direction. Flexible working is available for those with supportive managers only. ",Recommends working here: No,Rates salary as: Average,9 months ago,"Melbourne VIC, Australia",2.0,3.0,1.0,1.0,2.0,4.0,2.0,AGL Energy
"‘Average, I would have stayed with better wage and closer to home.’",A Grade Electrician,Made some great friends,Constant management changes and no way to negotiate a better salary even with years of experience and more qualifications then others.,Recommends working here: No,Rates salary as: Low,2 years ago,"Sydney, New South Wales, Australia",1.0,5.0,3.0,1.0,3.0,3.0,3.0,AGL Energy
‘Easily the best company that I have worked for.’,Senior Business Analyst,Highly supportive of parents returning to the workplace.,Frequent restructuring meant that strategic plans and direction went through a lot of change.,Recommends working here: Yes,Rates salary as: High,4 years ago,"Melbourne, Victoria, Australia",4.0,4.0,4.0,4.0,4.0,5.0,2.0,AGL Energy
‘Overall AGL was a good company to work for.’,Acquisitions Sales,Company with good values and good work life balance.,Middle  and top heavy management. Career progression can be a challenge.,Recommends working here: Yes,Rates salary as: Average,4 years ago,"Melbourne, Victoria, Australia",3.0,5.0,3.0,3.0,3.0,4.0,3.0,AGL Energy
‘Great to use your skills but don't expect loyalty from upper management who will fire you when they are done with you.’,Senior Manager,The salary and perks,Silo mentality management who talk the talk but don't walk the walk.,Recommends working here: Yes,Rates salary as: High,4 years ago,,3.0,4.0,3.0,2.0,5.0,4.0,3.0,AGL Energy
‘Would like to have seen more actions taken & less words.’,Process Specialist,The amazing people I have had the opportunity to work with.,The office politics and unfair work life balance.,Recommends working here: Yes,Rates salary as: Average,4 years ago,"Adelaide, South Australia, Australia",3.0,3.0,4.0,2.0,4.0,4.0,4.0,AGL Energy
‘Enjoyable working experience.’,Reporting Analyst,Great company to work for.,None that I can recall.,Recommends working here: Yes,Rates salary as: High,4 years ago,"Melbourne, Victoria, Australia",5.0,5.0,5.0,5.0,4.0,5.0,5.0,AGL Energy
‘Look forward to go to work on Mondays’,Data Analyst,Clear planning. Knowledgeable people.,Getting things moving,Recommends working here: Yes,Rates salary as: High,2 years ago,"Melbourne, Victoria, Australia",4.0,5.0,5.0,5.0,3.0,5.0,4.0,AGL Energy
‘A very frustrating but worthwhile learning experience.’,Data Science,Great people with quite clever and innovative ideas. Lots of untapped potential,"Getting ideas off the ground extremely difficult, management is reticent to commit resources to doing things properly so there is a spaghetti mess of years of accumulated band-aid solutions. Extremely change resistant culture.",Recommends working here: No,Rates salary as: Average,3 years ago,Melbourne,1.0,4.0,4.0,2.0,2.0,5.0,2.0,AGL Energy
"‘Good pay, soul crushing experience’",Projects,"The company plays above average rate, and they provide flexible working conditions","It depends on the asset where you work. This place is definitely all about who you know, and not what you know. People are afraid to speak up as repercussions usually follow. The management lacks diversity of experience, most have been at one place entire career. Business practices are often 20 to 30 years behind trend.",Recommends working here: No,Rates salary as: High,6 months ago,"Melbourne VIC, Australia",1.0,4.0,1.0,1.0,4.0,2.0,1.0,AGL Energy
"‘Terrible, 10 years experience in the industry overlooked’",Process And Exception Soecialist,Equipment,Keeping your job when they are sending all work off shore,Recommends working here: No,Rates salary as: Average,4 years ago,"Melbourne, Victoria, Australia",1.0,4.0,2.0,1.0,4.0,2.0,1.0,AGL Energy
‘Ok for short term stint’,Analyst Finance,"Flexible working, can work from home",Zero effort to develop,Recommends working here: No,Rates salary as: Low,2 years ago,"Sydney, New South Wales, Australia",1.0,5.0,2.0,1.0,3.0,4.0,3.0,AGL Energy
‘This was a good company which has gone downhill.’,Operations,The workplace was once very open and honesty with people feeling comfortable to share and help each other. Not like that now.,Lack of honesty and an unsafe environment from a cultural point of view,Recommends working here: No,Rates salary as: High,2 years ago,"Melbourne VIC, Australia",2.0,2.0,1.0,1.0,3.0,3.0,1.0,AGL Energy
"‘Lots of good things to enjoy at agl, and like any big business has it challenges.’",National Operations Manager,"Benefits, flexibility, work life balance and diversity / inclusion focus"," Executive and general management layer instability for the last 3 years, can be unsettling",Recommends working here: Yes,Rates salary as: High,6 months ago,"Melbourne VIC, Australia",3.0,5.0,4.0,2.0,4.0,5.0,4.0,AGL Energy
‘Wonderful experience’,Specialist,I worked for Agl for 7 years and I had a really good experience. They really look after their employees. ,I never had difficulty.. and i feel challenges are really good for your growth at work place. If one gets good support and guidance then these challenges are What shapes your future. I'm really glad I got to work with such good people at agl. ,Recommends working here: Yes,Rates salary as: Average,6 months ago,"Melbourne VIC, Australia",5.0,5.0,5.0,5.0,5.0,5.0,5.0,AGL Energy
"‘I spent 8 solid years with AGL, learned a lot and it was time to move on’",Complaints Reporting Analyst,Good work culture among the people,Restructures are very often and sometimes you get caught in the middle,Recommends working here: Yes,Rates salary as: Average,4 years ago,"Melbourne, Victoria, Australia",3.0,4.0,4.0,3.0,4.0,4.0,4.0,AGL Energy
‘Busy and non stop calls ’,Customer Service Role,Flexibility of timings ,Key statistics of performance ,Recommends working here: Yes,Rates salary as: Average,1 year ago,"Melbourne VIC, Australia",4.0,3.0,2.0,2.0,3.0,3.0,2.0,AGL Energy
‘Was ok for a quick pit stop job until obtained better job opportunities elsewhere.’,Customer Service Agent,"Staff engagement with competitions was good, some fellow colleagues were great.",Inexperienced team leaders who had no leadership skills or knowledge of database systems. Also lack of knowledge from team leaders was an issue.,Recommends working here: Yes,Rates salary as: Average,4 years ago,"Melbourne, Victoria, Australia",2.0,2.0,3.0,2.0,3.0,3.0,3.0,AGL Energy
‘Enjoyed the experience there for the first few years but things changed and everything was not the same’,Process And Exception Specialist,Good environment and excellent location,Not enough support from management,Recommends working here: No,Rates salary as: Average,4 years ago,"Melbourne, Victoria, Australia",3.0,4.0,5.0,3.0,3.0,4.0,3.0,AGL Energy
‘I am actively looking for work as I believe work life balance is important and AGL does not prioritise this for its call centre workers.’,Customer Resolution Specialist,Colleges are great.,"Awful rotating roster, no annual leave availability, no incentives, impossible KPIs.",Recommends working here: No,Rates salary as: Average,4 years ago,"Melbourne, Victoria, Australia",3.0,1.0,2.0,2.0,1.0,2.0,2.0,AGL Energy
‘To much focus on numbers and not enough on what makes successful culture which leads to great results.’,Consultant,The consultants and people on the front line,"Targets, the fact it's very numbers focused and management out of touch with what it takes to lead.
",Recommends working here: No,Rates salary as: High,6 months ago,"Adelaide SA, Australia",1.0,1.0,1.0,1.0,4.0,3.0,2.0,AGL Energy
‘Best time of my career was spent there. Frequent restructuring is a major issue.’,Senior Credit Officer,Smarter working and employee friendly,Job security,Recommends working here: Yes,Rates salary as: High,4 years ago,"Melbourne, Victoria, Australia",5.0,5.0,5.0,1.0,5.0,5.0,5.0,AGL Energy
‘Time waste’,Business Sales Consultant,Location and nothing else,"Everything the management, no career progression ",Recommends working here: No,Rates salary as: Average,6 months ago,"Docklands VIC, Australia",1.0,1.0,1.0,1.0,1.0,1.0,1.0,AGL Energy
‘I’ve worked in worse places and with  worse people ’,General Pleb,"They try hard
It’s a young persons environment ","The technology 
Trying to find answers in the time allowed to find them ",Recommends working here: Yes,Rates salary as: Average,6 months ago,"Melbourne VIC, Australia",2.0,2.0,3.0,3.0,4.0,2.0,4.0,AGL Energy
‘Family’,Corporate Receptionist,"People, work, clients",Management & lack of managing,Recommends working here: Yes,Rates salary as: High,2 years ago,"Melbourne VIC, Australia",5.0,5.0,5.0,1.0,5.0,5.0,5.0,AGL Energy
‘Great company to work for.’,Marketing Consultant,"Great company, people are wonderful and great work life balance. Awesome work environment.",None,Recommends working here: Yes,Rates salary as: High,4 years ago,"Melbourne, Victoria, Australia",4.0,5.0,5.0,4.0,5.0,5.0,5.0,AGL Energy
"‘Good pay, but unrealistic expectations’",Engineer,"Good salary, good opportunity for advancement, good perks","Poor management, unrealistic workload/expectations, failure to replace key positions in a timely manner",Recommends working here: No,Rates salary as: High,2 years ago,"Muswellbrook NSW, Australia",4.0,2.0,2.0,2.0,4.0,4.0,3.0,AGL Energy
‘Best company and role I've ever had’,Digital Media Manager,"Flexibile work arrangements. Incentive bonuses for high performance. Great offices, good technology, opportunities to learn",Removing legacy systems and processes,Recommends working here: Yes,Rates salary as: High,4 years ago,"Sydney, New South Wales, Australia",5.0,5.0,5.0,5.0,5.0,5.0,5.0,AGL Energy
"‘They need to be unfront about sales, do not tell new staff after training that if they do not sell 1 plan a day you are out, tell them during the recruitment process., managers are not good at their jobs as well ’",Customer Service Representative,"Staff discounts, good facilities","Poor systems, unachievable goals",Recommends working here: No,Rates salary as: Average,1 year ago,"Adelaide SA, Australia",2.0,1.0,1.0,1.0,4.0,1.0,1.0,AGL Energy
‘Super Excellent!’,Customer Service Representative,Very good company to work for.,Work load increased due to competitive market.,Recommends working here: Yes,Rates salary as: High,4 years ago,"Canberra, Australian Capital Territory, Australia",5.0,5.0,5.0,5.0,5.0,5.0,5.0,AGL Energy
‘Awesome!’,Development Manager,Technical growth opportunities ,Many.. but AGL is great at solving them!,Recommends working here: Yes,Rates salary as: High,1 year ago,"Melbourne VIC, Australia",5.0,5.0,5.0,5.0,5.0,5.0,5.0,AGL Energy
‘A great company to work with.’,Sales Insights Specialist,Flexibility,Travel distance,Recommends working here: Yes,Rates salary as: Average,4 years ago,,5.0,5.0,5.0,5.0,5.0,5.0,5.0,AGL Energy
"‘Has a great potential to be good workplace but is let down with a toxic work environment, backstabbing and lacks leadership from management’",Residential Solar,Flexible work arrangements,"Constant restructures, not great leadership from management",Recommends working here: No,Rates salary as: Average,2 years ago,"Melbourne, Victoria, Australia",3.0,3.0,1.0,2.0,3.0,3.0,3.0,AGL Energy
‘Great to work for a leader in its field but management team could have been more inspiring.’,Marketing Communications Manager,Good recognition and reward for good performance. Frequently at the forefront in the industry in comparison to competitors.,"Sometimes, marketing activities did not have clear objectives. Always a flurry of work and constant change made it hard to keep up and also balance work life.",Recommends working here: No,Rates salary as: Average,4 years ago,"Melbourne, Victoria, Australia",4.0,2.0,3.0,2.0,2.0,2.0,3.0,AGL Energy
‘Tiring’,Accountant,People band together and look after each other,"Short stuffed, not engaging",Recommends working here: No,Rates salary as: Low,2 years ago,"VIC, Australia",2.0,2.0,2.0,1.0,3.0,3.0,1.0,AGL Energy
‘Wasn’t a pleasant experience so wouldn’t recommend to anyone.’,Business Intelligence Analyst,There was nothing good I can mention here.,"Management doesn’t know what they want and particularly I had a bad experience because when they hired me, I thought there would be lot of work but it was opposite when I joined and straight after a month, they retrenched me.",Recommends working here: No,Rates salary as: Average,6 months ago,"Melbourne VIC, Australia",1.0,5.0,2.0,1.0,1.0,3.0,2.0,AGL Energy
‘And is a great company to work for’,Customer Complaints,Very team focused,The kpi,Recommends working here: Yes,Rates salary as: Average,4 years ago,,3.0,3.0,4.0,3.0,3.0,4.0,4.0,AGL Energy
"‘Working in AGL is like working as in \""family\"" business’",Customer Resolution,Excellent environment $ team work,Handling aggressive customer,Recommends working here: Yes,Rates salary as: High,4 years ago,"Melbourne, Victoria, Australia",5.0,4.0,5.0,5.0,5.0,5.0,5.0,AGL Energy
‘A good employer if you like to be micromanaged and enduring insatiable management’,New Energy Sales Executive,"- Professional environment
- close to public transport 
- Ability to make commission","- Autocratic management structure 
- Strange identity politics 
- Not very environmentally conscious",Recommends working here: No,Rates salary as: Average,3 years ago,Melbourne,3.0,2.0,3.0,1.0,3.0,2.0,3.0,AGL Energy
‘An enjoyable and thoughtful company to work for.’,Custer Solutions Representative,"Beautiful office environment. 
Fantastic management support.",Call centre work- frustrated customers,Recommends working here: Yes,Rates salary as: High,2 years ago,"Melbourne, Victoria, Australia",4.0,5.0,5.0,4.0,5.0,5.0,5.0,AGL Energy
"‘Would rather work at maccas, better management.’",Resolutions,"People who aren't leaders or higher up are very lovely, sometimes they will offer free lunch, however this is normally to make a \""bad situation\"" better.","Very poor management, will often sweeten up mistakes or errors with treats, be it free lunch or longer breaks.  Moving up the ladder really comes down to how well you are at sucking up. Would prefer to be a shift manager at Mcdonalds again, better scheme and vision there.",Recommends working here: No,Rates salary as: Average,4 years ago,"SA, Australia",3.0,2.0,4.0,2.0,2.0,2.0,3.0,AGL Energy
‘In the right team great things happened ’,Process Analyst,Great office convenient location ,Fast paced always changing management changing often,Recommends working here: Yes,Rates salary as: Average,6 months ago,"Melbourne VIC, Australia",4.0,5.0,5.0,4.0,4.0,4.0,4.0,AGL Energy
‘Glad I left’,Project Manager,Lovely environment and staff discount on energy,Mobbing was tolerated. Didn't walk the walk on supporting womens career progression.,Recommends working here: No,Rates salary as: Average,1 year ago,"Melbourne VIC, Australia",2.0,4.0,5.0,2.0,5.0,4.0,1.0,AGL Energy
‘It's safe but stressful.’,Customer Solutions Representative,Pays ok. Perks are good.,"The inability to stand up for yourself on difficult calls, and the head games.",Recommends working here: No,Rates salary as: Average,6 months ago,"Eastwood SA, Australia",4.0,3.0,2.0,2.0,3.0,3.0,3.0,AGL Energy
‘AGL - progressive culture and great people.’,Procurement Project Manager,Progressive culture. Recognition at individual and team level.  Employee Communications and Change Management processes are excellent.,ERP functionality not maximised.,Recommends working here: Yes,Rates salary as: Average,4 years ago,"North Sydney, New South Wales, Australia",5.0,5.0,5.0,5.0,5.0,5.0,5.0,AGL Energy
‘I loved AGL’,Customer Service Representative,"Colleagues, smaller management","Micro managing, stress within the workplace",Recommends working here: Yes,Rates salary as: High,6 months ago,"Docklands VIC, Australia",5.0,3.0,5.0,4.0,5.0,5.0,5.0,AGL Energy
‘Achieve five star excellence by living the values.’,Sales And Customer Service Representative,"Promotion from within, provided the tools needed for success, encouraged to excel.",The biggest challenge with this company was narrowing down my career path because so many opportunities were available.,Recommends working here: Yes,Rates salary as: High,4 years ago,"Canberra, Australian Capital Territory, Australia",5.0,5.0,5.0,5.0,5.0,5.0,5.0,AGL Energy
‘Horrible experience but the pay was good. This company makes you appreciate the next job you get!’,Call Centre Role,Pay was suitable.  If it wasn't for the pay I wouldn't have stayed working there ,Micro management with unachievable targets,Recommends working here: No,Rates salary as: High,6 months ago,"Adelaide SA, Australia",1.0,1.0,1.0,1.0,2.0,1.0,1.0,AGL Energy
"‘Good for experience, you’ll always be looking for the next move though. ’",Customer Resolutions Representative,Pay well and plenty of training for product knowledge. ,High pressure leadership. Always under the microscope. Micromanagement. Poor soft skills from management to the point that even they look for greener pastures. ,Recommends working here: No,Rates salary as: High,6 months ago,"Adelaide SA, Australia",4.0,4.0,4.0,3.0,4.0,5.0,3.0,AGL Energy
"‘Awesome place to work in, great perks. But move to Melbourne for better career development. ’",Complaints Manager,Fun environment to work with. It is lively call center. ,Customers... same issues day in day out. If you're based in Adelaide you don't have room to move up too much. But you can transfer to Melbourne easily. ,Recommends working here: No,Rates salary as: Average,6 months ago,"Adelaide SA, Australia",3.0,5.0,5.0,3.0,5.0,5.0,4.0,AGL Energy
‘The management or starategy of the whole company is just not up to the standard.’,Solar Consultant,The culture is very good and workplace environment is great.,"There is no recognition in the company no matter what you do. 

The management is the worst that I have come across. 

Company strategy is not laid out properly",Recommends working here: No,Rates salary as: Average,2 years ago,"Victoria, Australia",2.0,5.0,4.0,2.0,4.0,4.0,2.0,AGL Energy
‘Listening to complaints all day’,Customer Service Representative,There is some  great people working there,Not able to leave your desk every minute of the day is recorded ,Recommends working here: No,Rates salary as: Average,6 months ago,"Melbourne VIC, Australia",3.0,2.0,2.0,2.0,2.0,3.0,2.0,AGL Energy
‘Would not recommend to a friend’,Analyst,The best thing is the people.,Very political and it's all about who you are seen with - doesn't matter if you don't perform.,Recommends working here: No,Rates salary as: High,2 months ago,"Docklands VIC, Australia",3.0,2.0,3.0,1.0,3.0,1.0,1.0,AGL Energy
‘Underwhelming at best. ’,Cyber Security,Great work life balance and ability to work remotely at times that work best for you. ,Lots of lip service from senior managers. Very political and everyone is in it for themselves. I’ve never seen direct reports of the C level throw their teams under the bus like they do at AGL. No accountability at that level. Quick to point the finger and play the blame game. ,Recommends working here: No,Rates salary as: High,2 months ago,"Melbourne VIC, Australia",1.0,5.0,3.0,1.0,3.0,3.0,2.0,AGL Energy
‘Culture changed for the worse’,Digital Business Analyst,Flexible working environment ,People and team changes,Recommends working here: No,Rates salary as: High,2 months ago,"Melbourne VIC, Australia",2.0,5.0,3.0,3.0,3.0,5.0,3.0,AGL Energy
‘Great for a contractor!’,Scrum Master,"Great location, fantastic office facilities, great work-life-balance","Management can be underwhelming at times... lacking direction, vision and execution of a genuine plan.",Recommends working here: Yes,Rates salary as: High,2 months ago,"Melbourne City, VIC, Australia",4.0,5.0,5.0,3.0,3.0,5.0,4.0,AGL Energy
‘Could have been great if they listened to SME's and had integrity’,Security,My role wasn't well defined and there was opportunity to design the role.,Management did have the right knowledge in this area to understand the problem and because they reported things were getting address (which they weren't) anyone telling them it wasn't fixed wasn't welcome.,Recommends working here: No,Rates salary as: Average,3 months ago,"Melbourne VIC, Australia",1.0,2.0,2.0,1.0,2.0,2.0,1.0,AGL Energy
‘Lack of senior management capability and ability to speak out’,Information Technology Manager,"Constant change, thus opportunities exist",Lack of leadership / management capabilities ,Recommends working here: No,Rates salary as: Average,2 months ago,"Melbourne VIC, Australia",1.0,4.0,4.0,1.0,2.0,1.0,2.0,AGL Energy
‘Awesome ’,Team Leader,"Culture and support, clear expectations ","High standards expected
Difficult to get flexible working ",Recommends working here: Yes,Rates salary as: High,2 months ago,"Eastwood SA, Australia",3.0,4.0,5.0,5.0,5.0,5.0,5.0,AGL Energy
‘VERY GOOD PLACE TO WORK. HAVE TO DELIVER IN QUICK TURNAROUND TIMES’,Customer Resolutions Representative,SKILLS DEVELOPMENT AND HIGH EMPHASIS ON INDIVIDUAL WELL BEING.CARE FROM MANAGEMENT TOWARDS ORDINARY STAFF,VERY HIGH EXPECTATIONS AND PERFORMANCES,Recommends working here: Yes,Rates salary as: High,2 months ago,"Melbourne VIC, Australia",4.0,5.0,4.0,5.0,4.0,5.0,4.0,AGL Energy
"‘Could have been better, but those responsible for providing opportunities simply and wrongly got in the way of genuine talent.’",Categories Manager,Some personnel are really good at what they do - however are often overridden with poor decisions.,Career progression is at the mercy of poor management styles who service their own interests above those of their direct reports.,Recommends working here: Yes,Rates salary as: Low,2 months ago,"Docklands VIC, Australia",1.0,2.0,2.0,1.0,1.0,1.0,2.0,AGL Energy
‘If it wasn’t for the pay I’d be gone’,Resolutions Manager,Discounts off power and gas,"Management 
Getting flexible working ",Recommends working here: No,Rates salary as: High,2 months ago,"Melbourne VIC, Australia",1.0,1.0,1.0,1.0,3.0,2.0,1.0,AGL Energy
"‘Great place to stay, if you have bonded with Senior Managers’",Project Manager,Competence and competitiveness,"Especially in IT, some Middle/Senior managers remain self-centric and rather employ friends than allocate work on merit; competition is too often an offshoring IT Business partner, who is much cheaper",Recommends working here: Yes,Rates salary as: Average,2 months ago,"Melbourne City, VIC, Australia",3.0,4.0,5.0,3.0,4.0,5.0,4.0,AGL Energy
‘Experience from a maintenance worker’,Electrical Engineering Technician,"Even time roster, with very High hourly salary! ",Difficult when dealing with management.,Recommends working here: Yes,Rates salary as: High,2 months ago,"Liddell NSW, Australia",5.0,5.0,4.0,2.0,4.0,3.0,4.0,AGL Energy
"‘Latest tech stack, fancy office, diverse culture’",Senior API Developer,"They are on latest tech stack
Most apps are on cloud
New office",I didn't find anything significant,Recommends working here: Yes,Rates salary as: Average,2 months ago,"Melbourne VIC, Australia",4.0,4.0,4.0,4.0,4.0,4.0,4.0,AGL Energy
‘The reality doesn't match the promise’,Manager,"Flexible work environment, but depends on your manager.","Senior leadership don't live the values, it isn't safe to speak up, the glossy purpose and values aren't the reality of how the organisation works.",Recommends working here: No,Rates salary as: Average,3 months ago,"Melbourne City, VIC, Australia",1.0,1.0,1.0,1.0,2.0,1.0,1.0,AGL Energy
"‘Great people, very good culture with good leadership and direction.’",Insights Specialist,Good People and culture,If the team is small growth opportunities can be restricted within the team. But can be accessed across the company.,Recommends working here: Yes,Rates salary as: High,3 months ago,"Melbourne VIC, Australia",5.0,5.0,5.0,5.0,4.0,5.0,5.0,AGL Energy
‘Great working environment’,Technical Architect,Great working environment,Bureaucratic Management ,Recommends working here: Yes,Rates salary as: High,2 months ago,"Melbourne VIC, Australia",4.0,4.0,5.0,4.0,5.0,5.0,4.0,AGL Energy
‘Awesome’,Manager,"Great culture, great people",Keeping up with the pace of change,Recommends working here: Yes,Rates salary as: Average,2 months ago,"Melbourne VIC, Australia",5.0,5.0,5.0,5.0,5.0,5.0,5.0,AGL Energy
"‘Great for 6 to 9 months, not the long term! ’",Analyst,"Great and friendly professionals at the operational level, very good infrastructure and support. Exposure to some of the best technology and field experts ",A very unstable environment with almost no real collaboration across different teams and political toxicity at higher levels which hinders any progress made at lower levels. Contractors and consultants basically run the place making stability and sustainability an issue. ,Recommends working here: Yes,Rates salary as: High,2 months ago,"Melbourne VIC, Australia",2.0,4.0,4.0,2.0,2.0,2.0,2.0,AGL Energy
‘A good place to work at’,Marketing Specialist,The Work flexibility is fantastic and the Melbourne building is a great environment to work in.,"Management can be challenging and a bit heirarchial, depending on the area of the business",Recommends working here: Yes,Rates salary as: Average,2 months ago,"Melbourne VIC, Australia",3.0,5.0,4.0,3.0,5.0,5.0,4.0,AGL Energy
"‘Stability in career growth, and attention to mental health/diversity/inclusion needs more work’",Team Leader,"Great offices, and very positive high level and senior leadership","Lower to middle management were not and continue not to be trained/up skilled in both diversity and mental health conversations. Considering this is a big thing spoken about from a branding perspective, to the greater market and by the CEO of the company, the effort to engage appropriately as you make it down the chain is not representative of the perception.

Very limited career progression, particularly in parts of the business where there appears to be a level of isolation, and unwillingness to encourage internal attrition and growth.

The restructures! My god the restructures!! How do they restructure so frequently?? ",Recommends working here: No,Rates salary as: Average,2 months ago,"Melbourne VIC, Australia",1.0,2.0,4.0,1.0,3.0,4.0,2.0,AGL Energy
‘I would recommend AGL to anyone.’,Customer Service Role,"Fantastic company to work for. Great environment, opportunities, and diversity. Loved every minute of working for AGL",None it is a very supportive environment,Recommends working here: Yes,Rates salary as: Average,6 months ago,"Adelaide SA, Australia",5.0,5.0,5.0,5.0,5.0,5.0,5.0,AGL Energy
‘Terrible place for your mental health’,Customer Resolutions,"The staff working there on the phones, they work hard, but that is it.","Everything, the management SUCKS. They get paid large while doing jack all.",Recommends working here: No,Rates salary as: Average,2 years ago,"Eastwood SA, Australia",1.0,1.0,1.0,1.0,1.0,1.0,1.0,AGL Energy
‘Never again!’,Sales Representative,I didn't enjoy it,Targets set were not achievable,Recommends working here: No,Rates salary as: Average,4 years ago,"Melbourne, Victoria, Australia",1.0,1.0,1.0,1.0,1.0,1.0,1.0,AGL Energy
‘A lot of potential with little delivery due to politics’,Solar Engineer,Steady job,Restructuring,Recommends working here: No,Rates salary as: Low,4 years ago,"Melbourne, Victoria, Australia",2.0,3.0,2.0,1.0,3.0,1.0,2.0,AGL Energy
‘The company is engaging to staff’,Process Analysts,The culture,Management,Recommends working here: Yes,Rates salary as: High,4 years ago,"Adelaide, South Australia, Australia",4.0,4.0,4.0,3.0,3.0,5.0,4.0,AGL Energy
"‘A good place to work but with little opportunities for career development and growth, with rampant politics and factionalism.’",Manager,Company makes profits,Culture,Recommends working here: No,Rates salary as: Average,4 years ago,Melboure,1.0,4.0,4.0,2.0,4.0,2.0,2.0,AGL Energy
‘Need more training’,CSR Customer Resolutions,City location,Targets,Recommends working here: No,Rates salary as: Average,4 years ago,,1.0,1.0,5.0,1.0,5.0,5.0,1.0,AGL Energy
‘Challenging to the young that dont know how to stand up for themselves’,Csr,Nice coffee.,"If you were not part of the \""click\"" you got no where.",Recommends working here: No,Rates salary as: Average,4 years ago,"Adelaide, South Australia, Australia",1.0,2.0,3.0,1.0,3.0,1.0,2.0,AGL Energy
‘Horrible!’,Sales,Nothing good about the company,Toxic working environment with unfriendly management and staff ,Recommends working here: No,Rates salary as: Low,6 months ago,Australia,1.0,1.0,1.0,1.0,1.0,1.0,1.0,AGL Energy
‘Good exp’,CSR,Good people and environment,Energy mkt challenges,Recommends working here: Yes,Rates salary as: Average,2 years ago,"Adelaide SA, Australia",4.0,4.0,4.0,4.0,4.0,5.0,4.0,AGL Energy
‘Give it a miss’,People & Culture Business Partner,???????????????????????????????????????,???????????????????????????????????,Recommends working here: No,Rates salary as: Average,2 years ago,"Melbourne, Victoria, Australia",1.0,2.0,1.0,1.0,3.0,1.0,1.0,AGL Energy
"‘Good for people starting families, who are looking for the big $, or are not necessarily fussed about culture.’",Digital Department,The work life balance is good - particularly the ability to work from home with no judgement. I believe mat/paternity leave is very generous - though not relevant for me. You are able to salary sacrifice for shares and/or  additional paid leave.,Culture is terrible. Very political and toxic. There are no skip-level meetings and micromanagement goes unnoticed. ,Recommends working here: No,Rates salary as: Average,9 months ago,"Melbourne VIC, Australia",2.0,4.0,2.0,1.0,2.0,4.0,2.0,AGL Energy
‘I would not go back there’,Call Centre,The location was very convenient,There was very little flexibility,Recommends working here: No,Rates salary as: Average,2 years ago,"Melbourne, Victoria, Australia",1.0,1.0,1.0,1.0,1.0,2.0,1.0,AGL Energy
"‘Good, but could be better.’",Customer Solutions Representative,"Great location, facilities, staff engagement, pay and conditions.","Work/life balance was an issue for me, but each employee would have to determine this for themselves individually.",Recommends working here: Yes,Rates salary as: High,1 year ago,"Adelaide SA, Australia",4.0,3.0,5.0,4.0,5.0,5.0,4.0,AGL Energy
